filename,age,gender
62_0_4_20179346465087.jpg,62,0
69_0_2_20171036098814.jpg,69,0
48_0_1_20171858130746.jpg,48,0
23_1_3_20173203666069.jpg,23,1
65_1_0_20175233865261.jpg,65,1
67_1_1_20178217820301.jpg,67,1
66_0_0_20173918881063.jpg,66,0
9_0_3_20179486045970.jpg,9,0
23_0_2_20178371919624.jpg,23,0
30_0_4_20174693286486.jpg,30,0
80_0_3_20177681875791.jpg,80,0
67_0_0_20176328613093.jpg,67,0
59_0_3_20178936205630.jpg,59,0
36_0_2_20179661235384.jpg,36,0
39_0_1_20173495445990.jpg,39,0
53_1_0_20177291240551.jpg,53,1
25_0_4_20174637206109.jpg,25,0
79_1_0_20179858083210.jpg,79,1
62_0_0_20173076129620.jpg,62,0
18_1_2_20176040967506.jpg,18,1
61_1_3_20178691778038.jpg,61,1
39_0_4_20171572144543.jpg,39,0
55_0_1_20177899577926.jpg,55,0
41_0_0_20172332730368.jpg,41,0
52_0_2_20178011284419.jpg,52,0
74_1_2_20176993720592.jpg,74,1
50_0_2_20173090292744.jpg,50,0
28_0_3_20175536579049.jpg,28,0
19_0_4_20177606643564.jpg,19,0
27_1_3_20174570022403.jpg,27,1
2_1_1_20172331740491.jpg,2,1
36_1_2_20174703420253.jpg,36,1
31_0_2_20175428076913.jpg,31,0
64_0_2_20178004986056.jpg,64,0
51_1_0_20171162980862.jpg,51,1
34_0_1_20175308353922.jpg,34,0
62_0_0_20179736461522.jpg,62,0
24_1_1_20177968035913.jpg,24,1
60_1_3_20177717322403.jpg,60,1
39_1_2_20173334373009.jpg,39,1
33_0_4_20178578294270.jpg,33,0
48_0_2_20173332993606.jpg,48,0
54_0_1_20172301155346.jpg,54,0
1_0_1_20177006119859.jpg,1,0
45_1_1_20174987181242.jpg,45,1
23_0_2_20173370362086.jpg,23,0
66_1_0_20171891895330.jpg,66,1
31_1_1_20175383782156.jpg,31,1
39_1_2_20171870583821.jpg,39,1
63_1_2_20177106308846.jpg,63,1
45_1_0_20176893226160.jpg,45,1
1_0_0_20171314720813.jpg,1,0
24_1_4_20178251559725.jpg,24,1
20_0_4_20174366551965.jpg,20,0
65_1_1_20179857110994.jpg,65,1
18_0_4_20172277308340.jpg,18,0
4_1_1_20172920623077.jpg,4,1
57_1_2_20178711776659.jpg,57,1
8_0_4_20174414131333.jpg,8,0
12_0_4_20175333561529.jpg,12,0
61_1_3_20178707665534.jpg,61,1
56_0_0_20171737638294.jpg,56,0
51_1_4_20172323247750.jpg,51,1
73_1_4_20177925816240.jpg,73,1
47_1_4_20176466595522.jpg,47,1
7_0_1_20179761203137.jpg,7,0
46_0_3_20171633026361.jpg,46,0
40_0_3_20176250153320.jpg,40,0
71_1_1_20176938287187.jpg,71,1
31_0_4_20179772126004.jpg,31,0
70_0_1_20172216600688.jpg,70,0
58_0_1_20174576033701.jpg,58,0
36_1_1_20175374262195.jpg,36,1
36_0_1_20178950199641.jpg,36,0
78_1_2_20179194292832.jpg,78,1
12_0_4_20174424704352.jpg,12,0
43_0_4_20175350517830.jpg,43,0
77_1_1_20174029380262.jpg,77,1
32_0_4_20174346628541.jpg,32,0
57_1_3_20175091692484.jpg,57,1
72_1_1_20176572990965.jpg,72,1
39_0_1_20174013567318.jpg,39,0
56_1_0_20178141480285.jpg,56,1
5_0_4_20176137887772.jpg,5,0
40_1_4_20175702000923.jpg,40,1
64_0_4_20176143809636.jpg,64,0
43_0_3_20177479259630.jpg,43,0
5_1_4_20178518387441.jpg,5,1
5_1_4_20179241350797.jpg,5,1
45_0_0_20179509443637.jpg,45,0
56_0_1_20174551735699.jpg,56,0
38_0_1_20175068814146.jpg,38,0
35_0_3_20174190960379.jpg,35,0
20_1_1_20177525737017.jpg,20,1
54_0_0_20176173154824.jpg,54,0
31_1_2_20171685517602.jpg,31,1
59_1_3_20171680501839.jpg,59,1
72_1_1_20171094884884.jpg,72,1
77_1_4_20179273244855.jpg,77,1
26_0_1_20179467600068.jpg,26,0
75_0_3_20176557094428.jpg,75,0
16_1_1_20171843029638.jpg,16,1
44_1_4_20172138780579.jpg,44,1
41_0_0_20178495073401.jpg,41,0
43_1_3_20178696031621.jpg,43,1
15_1_3_20171515472719.jpg,15,1
4_0_0_20177503361209.jpg,4,0
21_0_2_20176493704332.jpg,21,0
3_0_3_20179033825239.jpg,3,0
46_1_0_20175379098200.jpg,46,1
20_0_4_20173801236590.jpg,20,0
23_0_4_20171747842175.jpg,23,0
12_1_4_20172993789600.jpg,12,1
49_0_2_20172854859928.jpg,49,0
13_1_4_20177877884780.jpg,13,1
73_0_4_20177090391093.jpg,73,0
27_0_3_20176757054953.jpg,27,0
3_1_1_20178910925033.jpg,3,1
3_1_4_20178589529342.jpg,3,1
63_1_3_20179665897369.jpg,63,1
12_1_1_20178876060060.jpg,12,1
41_0_2_20173657094434.jpg,41,0
15_1_4_20179184444602.jpg,15,1
2_1_0_20178218394093.jpg,2,1
33_0_2_20178612528138.jpg,33,0
38_1_1_20178574122701.jpg,38,1
68_1_3_20179300068003.jpg,68,1
66_0_4_20171564831637.jpg,66,0
76_0_0_20171781395438.jpg,76,0
67_1_1_20173447571031.jpg,67,1
63_0_0_20173935312264.jpg,63,0
18_1_2_20171125503781.jpg,18,1
43_0_2_20176667665812.jpg,43,0
9_1_1_20176748101430.jpg,9,1
21_0_4_20173380057852.jpg,21,0
57_1_1_20177974066431.jpg,57,1
49_1_2_20173388938870.jpg,49,1
61_0_2_20172723142032.jpg,61,0
19_0_1_20177288403828.jpg,19,0
58_1_0_20179328067471.jpg,58,1
65_1_2_20172192190523.jpg,65,1
42_1_0_20178173282236.jpg,42,1
23_0_3_20172146969563.jpg,23,0
38_0_4_20174514827653.jpg,38,0
41_1_1_20171433793117.jpg,41,1
79_0_0_20178852159412.jpg,79,0
35_1_3_20174528063756.jpg,35,1
66_1_1_20172548290618.jpg,66,1
29_1_3_20175012552480.jpg,29,1
46_0_0_20178185131652.jpg,46,0
22_1_0_20172574324900.jpg,22,1
78_1_4_20175045180124.jpg,78,1
50_0_4_20175177578247.jpg,50,0
3_0_4_20176612379538.jpg,3,0
14_0_0_20177370422998.jpg,14,0
37_0_2_20178505633055.jpg,37,0
71_0_3_20174512326091.jpg,71,0
4_0_2_20171328018638.jpg,4,0
67_0_1_20171702897814.jpg,67,0
65_1_0_20175672612985.jpg,65,1
46_0_4_20177806733766.jpg,46,0
35_0_2_20179191560906.jpg,35,0
9_1_2_20174108845434.jpg,9,1
38_1_3_20171720178801.jpg,38,1
12_1_1_20176335470642.jpg,12,1
47_1_4_20175859099162.jpg,47,1
21_0_4_20178096360419.jpg,21,0
14_1_0_20172254718720.jpg,14,1
53_1_0_20172348246430.jpg,53,1
12_0_2_20175686241254.jpg,12,0
47_1_1_20173767230363.jpg,47,1
9_0_0_20171700000509.jpg,9,0
74_1_4_20179624983289.jpg,74,1
7_1_0_20176902353262.jpg,7,1
38_1_2_20178077081298.jpg,38,1
62_1_2_20179459826635.jpg,62,1
65_0_4_20178944979644.jpg,65,0
68_0_1_20178743028684.jpg,68,0
48_0_0_20175678509686.jpg,48,0
35_0_2_20173858192647.jpg,35,0
68_1_4_20176045513656.jpg,68,1
10_1_1_20173597964861.jpg,10,1
78_0_0_20178802630066.jpg,78,0
41_0_0_20171410276709.jpg,41,0
17_1_2_20173966312984.jpg,17,1
18_1_3_20171827751870.jpg,18,1
41_1_3_20174860839349.jpg,41,1
13_0_2_20174282619829.jpg,13,0
10_1_3_20173891115172.jpg,10,1
73_0_0_20172773971582.jpg,73,0
37_1_0_20175602148833.jpg,37,1
69_1_3_20177595907599.jpg,69,1
19_1_2_20173633228888.jpg,19,1
49_0_4_20174774852284.jpg,49,0
75_0_4_20171016711302.jpg,75,0
7_1_3_20179847634972.jpg,7,1
24_1_1_20179894194323.jpg,24,1
74_1_1_20172285504162.jpg,74,1
54_0_0_20178249934195.jpg,54,0
26_0_3_20172659069702.jpg,26,0
50_0_3_20173515319386.jpg,50,0
58_1_1_20171904707962.jpg,58,1
47_1_2_20172960953769.jpg,47,1
28_1_4_20177214904958.jpg,28,1
50_1_0_20179425454135.jpg,50,1
33_0_2_20178645540864.jpg,33,0
43_0_0_20174746129490.jpg,43,0
58_0_4_20179076064816.jpg,58,0
27_1_2_20178780617558.jpg,27,1
21_1_2_20179881666712.jpg,21,1
28_1_3_20179826694014.jpg,28,1
42_0_3_20177588116129.jpg,42,0
15_1_2_20174670924734.jpg,15,1
32_1_3_20172472759173.jpg,32,1
39_0_2_20172528226179.jpg,39,0
73_1_3_20179819921553.jpg,73,1
69_0_1_20177621765746.jpg,69,0
31_1_0_20175053600496.jpg,31,1
8_1_1_20175637272973.jpg,8,1
47_0_2_20171047485321.jpg,47,0
25_1_0_20176749629649.jpg,25,1
36_0_3_20172355043912.jpg,36,0
44_0_3_20172459019508.jpg,44,0
31_0_1_20172095368086.jpg,31,0
55_0_1_20177990393766.jpg,55,0
48_1_2_20178911413891.jpg,48,1
19_1_0_20174465948214.jpg,19,1
25_0_2_20172979945868.jpg,25,0
56_0_3_20173687296328.jpg,56,0
48_0_0_20177116883021.jpg,48,0
6_1_1_20177617175038.jpg,6,1
78_0_3_20174446998535.jpg,78,0
41_0_1_20175889234499.jpg,41,0
19_0_4_20177722537031.jpg,19,0
4_0_0_20174775772506.jpg,4,0
25_1_3_20179430183766.jpg,25,1
59_0_0_20172789989434.jpg,59,0
64_1_0_20174598097931.jpg,64,1
37_0_2_20171234069146.jpg,37,0
12_1_4_20171172699261.jpg,12,1
78_1_3_20172426965417.jpg,78,1
32_1_1_20171632381416.jpg,32,1
22_0_1_20174083383023.jpg,22,0
22_1_3_20175132791860.jpg,22,1
31_0_3_20175109228961.jpg,31,0
37_1_1_20171243081701.jpg,37,1
32_1_3_20171618505556.jpg,32,1
74_0_3_20178029042933.jpg,74,0
70_1_3_20172002906377.jpg,70,1
62_1_4_20172369498284.jpg,62,1
